X,Y,Name,description,timestamp,begin,end,altitudeMode,tessellate,extrude,visibility,drawOrder,icon,icon_url
85.303113,27.694425,"001",R1,2021/08/19 05:14:00,,,,"-1","0","-1",,,
85.303077,27.694336,"002",P2,2021/08/19 05:14:52,,,,"-1","0","-1",,,
85.303027,27.694153,"003",P3,2021/08/19 05:16:40,,,,"-1","0","-1",,,
85.302968,27.693865,"004",P4,2021/08/19 05:17:14,,,,"-1","0","-1",,,
85.302899,27.693568,"005",R5,2021/08/19 05:18:32,,,,"-1","0","-1",,,
85.302843,27.693196,"006",R6,2021/08/19 05:20:19,,,,"-1","0","-1",,,
85.302914,27.692802,"007",R DP1,2021/08/19 05:21:45,,,,"-1","0","-1",,,
85.303117,27.692398,"008",DP2,2021/08/19 05:23:15,,,,"-1","0","-1",,,
85.303162,27.69286,"009",,2021/08/19 05:27:03,,,,"-1","0","-1",,,
85.303282,27.692905,"010",,2021/08/19 05:27:50,,,,"-1","0","-1",,,
85.303994,27.693134,"011",,2021/08/19 05:28:04,,,,"-1","0","-1",,,
85.303445,27.691868,"012",DP3,2021/08/19 05:36:00,,,,"-1","0","-1",,,
85.304421,27.689971,"013",G13,2021/08/19 05:51:39,,,,"-1","0","-1",,,
85.304466,27.689796,"014",P9,2021/08/19 05:55:17,,,,"-1","0","-1",,,
85.304927,27.688817,"015",P11,2021/08/19 06:00:47,,,,"-1","0","-1",,,
85.304901,27.688656,"016",P12,2021/08/19 06:03:24,,,,"-1","0","-1",,,
85.304899,27.68844,"017",P13,2021/08/19 06:03:48,,,,"-1","0","-1",,,
85.304797,27.688005,"018",P14,2021/08/19 06:04:48,,,,"-1","0","-1",,,
85.304632,27.687747,"019",P15,2021/08/19 06:05:18,,,,"-1","0","-1",,,
85.304391,27.687654,"020",P16,2021/08/19 06:06:02,,,,"-1","0","-1",,,
85.304259,27.68746,"021",P17,2021/08/19 06:06:20,,,,"-1","0","-1",,,
85.304045,27.6873,"022",P18,2021/08/19 06:07:23,,,,"-1","0","-1",,,
85.304023,27.687273,"023",P19,2021/08/19 06:07:47,,,,"-1","0","-1",,,
85.303632,27.687311,"024",P20,2021/08/19 06:08:42,,,,"-1","0","-1",,,
85.303364,27.687329,"025",P25,2021/08/19 06:09:24,,,,"-1","0","-1",,,
85.303153,27.687295,"026",P22,2021/08/19 06:09:49,,,,"-1","0","-1",,,
85.302842,27.687281,"027",DTR1,2021/08/19 06:10:17,,,,"-1","0","-1",,,
85.302893,27.687405,"028",T23,2021/08/19 06:11:43,,,,"-1","0","-1",,,
85.303014,27.687649,"029",T24,2021/08/19 06:12:40,,,,"-1","0","-1",,,
85.303137,27.687904,"030",T25,2021/08/19 06:13:18,,,,"-1","0","-1",,,
85.303238,27.688104,"031",T26,2021/08/19 06:13:44,,,,"-1","0","-1",,,
85.303299,27.688257,"032",T27,2021/08/19 06:14:31,,,,"-1","0","-1",,,
85.303343,27.688454,"033",DTR2,2021/08/19 06:15:25,,,,"-1","0","-1",,,
85.302508,27.687078,"034",P28,2021/08/19 06:20:13,,,,"-1","0","-1",,,
85.302381,27.687016,"035",P29,2021/08/19 06:21:25,,,,"-1","0","-1",,,
85.302171,27.686778,"036",P30,2021/08/19 06:21:47,,,,"-1","0","-1",,,
85.302096,27.686582,"037",P31,2021/08/19 06:22:07,,,,"-1","0","-1",,,
85.302047,27.686368,"038",P32,2021/08/19 06:22:24,,,,"-1","0","-1",,,
85.301874,27.686095,"039",P33,2021/08/19 06:23:42,,,,"-1","0","-1",,,
85.30189,27.685733,"040",P34,2021/08/19 06:24:14,,,,"-1","0","-1",,,
85.301891,27.685376,"041",P35,2021/08/19 06:24:52,,,,"-1","0","-1",,,
85.301845,27.685112,"042",P36,2021/08/19 06:26:44,,,,"-1","0","-1",,,
85.301844,27.685064,"043",DTR3,2021/08/19 06:26:59,,,,"-1","0","-1",,,
85.301853,27.684934,"044",P37,2021/08/19 06:27:56,,,,"-1","0","-1",,,
85.302137,27.684823,"045",P38,2021/08/19 06:29:32,,,,"-1","0","-1",,,
85.302317,27.684808,"046",DTR4,2021/08/19 06:30:23,,,,"-1","0","-1",,,
85.302716,27.684899,"047",P39,2021/08/19 06:32:02,,,,"-1","0","-1",,,
85.301687,27.684686,"048",T40,2021/08/19 06:36:11,,,,"-1","0","-1",,,
85.301687,27.684674,"049",T41,2021/08/19 06:37:07,,,,"-1","0","-1",,,
85.301662,27.684651,"050",T52,2021/08/19 06:37:34,,,,"-1","0","-1",,,
85.301789,27.684553,"051",T3,2021/08/19 06:41:57,,,,"-1","0","-1",,,
85.301995,27.68445,"052",T44,2021/08/19 06:42:38,,,,"-1","0","-1",,,
85.302205,27.6843,"053",T45,2021/08/19 06:43:28,,,,"-1","0","-1",,,
85.302375,27.684125,"054",T46,2021/08/19 06:43:57,,,,"-1","0","-1",,,
85.302491,27.683907,"055",T47,2021/08/19 06:44:25,,,,"-1","0","-1",,,
85.302608,27.683679,"056",T48,2021/08/19 06:45:03,,,,"-1","0","-1",,,
85.302629,27.683413,"057",T49,2021/08/19 06:49:53,,,,"-1","0","-1",,,
85.302636,27.683163,"058",DTR5,2021/08/19 06:51:11,,,,"-1","0","-1",,,
85.302662,27.682982,"059",T50,2021/08/19 06:53:28,,,,"-1","0","-1",,,
85.302587,27.6827,"060",T51,2021/08/19 06:54:08,,,,"-1","0","-1",,,
85.302594,27.682423,"061",T52,2021/08/19 06:54:48,,,,"-1","0","-1",,,
85.302621,27.6824,"062",T53,2021/08/19 06:55:37,,,,"-1","0","-1",,,
85.302595,27.682146,"063",T54,2021/08/19 06:56:07,,,,"-1","0","-1",,,
85.302613,27.681893,"064",DTR6,2021/08/19 06:56:50,,,,"-1","0","-1",,,
85.302582,27.681549,"065",T55,2021/08/19 06:58:23,,,,"-1","0","-1",,,
85.302607,27.681524,"066",DTR7,2021/08/19 06:59:00,,,,"-1","0","-1",,,
85.302561,27.681339,"067",T56,2021/08/19 07:00:10,,,,"-1","0","-1",,,
85.302551,27.681137,"068",T57,2021/08/19 07:00:59,,,,"-1","0","-1",,,
85.302538,27.680707,"069",T58,2021/08/19 07:05:33,,,,"-1","0","-1",,,
85.302545,27.680432,"070",T59,2021/08/19 07:06:12,,,,"-1","0","-1",,,
85.302511,27.680138,"071",T60,2021/08/19 07:06:40,,,,"-1","0","-1",,,
85.302499,27.679877,"072",T61,2021/08/19 07:08:03,,,,"-1","0","-1",,,
85.302485,27.679645,"073",T62,2021/08/19 07:08:36,,,,"-1","0","-1",,,
85.302478,27.679314,"074",T63,2021/08/19 07:09:08,,,,"-1","0","-1",,,
85.302462,27.679167,"075",T64,2021/08/19 07:09:25,,,,"-1","0","-1",,,
85.302453,27.67899,"076",T65,2021/08/19 07:10:09,,,,"-1","0","-1",,,
85.302461,27.678886,"077",T66,2021/08/19 07:10:51,,,,"-1","0","-1",,,
85.302458,27.678644,"078",DTR9,2021/08/19 07:11:28,,,,"-1","0","-1",,,
85.302416,27.678465,"079",T67,2021/08/19 07:13:21,,,,"-1","0","-1",,,
85.302403,27.678305,"080",T68,2021/08/19 07:13:44,,,,"-1","0","-1",,,
85.302419,27.678069,"081",T69,2021/08/19 07:14:13,,,,"-1","0","-1",,,
85.302359,27.677796,"082",T70,2021/08/19 07:19:58,,,,"-1","0","-1",,,
85.302404,27.677591,"083",T71,2021/08/19 07:20:29,,,,"-1","0","-1",,,
85.302386,27.677403,"084",T72,2021/08/19 07:20:51,,,,"-1","0","-1",,,
85.30238,27.677205,"085",T73,2021/08/19 07:21:10,,,,"-1","0","-1",,,
85.302364,27.676947,"086",T74,2021/08/19 07:21:45,,,,"-1","0","-1",,,
85.302365,27.676709,"087",P75,2021/08/19 07:22:16,,,,"-1","0","-1",,,
85.302311,27.67645,"088",DTR10,2021/08/19 07:35:15,,,,"-1","0","-1",,,
85.302353,27.67623,"089",T76,2021/08/19 07:35:59,,,,"-1","0","-1",,,
85.302342,27.676077,"090",DTR11,2021/08/19 07:36:23,,,,"-1","0","-1",,,
85.30233,27.67596,"091",T77,2021/08/19 07:38:31,,,,"-1","0","-1",,,
85.302333,27.675775,"092",T78,2021/08/19 07:38:52,,,,"-1","0","-1",,,
85.302313,27.675603,"093",T79,2021/08/19 07:39:15,,,,"-1","0","-1",,,
85.302362,27.675533,"094",DTR12,2021/08/19 07:40:24,,,,"-1","0","-1",,,
85.302332,27.675344,"095",T80,2021/08/19 07:41:50,,,,"-1","0","-1",,,
85.302355,27.675102,"096",T81,2021/08/19 07:42:17,,,,"-1","0","-1",,,
85.302392,27.674854,"097",T82,2021/08/19 07:42:45,,,,"-1","0","-1",,,
85.302433,27.674755,"098",DTR13,2021/08/19 07:44:40,,,,"-1","0","-1",,,
85.302481,27.674488,"099",T83,2021/08/19 07:46:19,,,,"-1","0","-1",,,
85.302574,27.674301,"100",T84,2021/08/19 07:46:57,,,,"-1","0","-1",,,
85.302659,27.674048,"101",T85,2021/08/19 07:47:21,,,,"-1","0","-1",,,
85.302784,27.673858,"102",T86,2021/08/19 07:47:44,,,,"-1","0","-1",,,
85.302925,27.673644,"103",T87,2021/08/19 07:49:34,,,,"-1","0","-1",,,
85.303064,27.67346,"104",T88,2021/08/19 07:49:57,,,,"-1","0","-1",,,
85.30306,27.673512,"105",DTR14,2021/08/19 07:50:22,,,,"-1","0","-1",,,
85.303188,27.673302,"106",T89,2021/08/19 07:51:16,,,,"-1","0","-1",,,
85.30339,27.67306,"107",T90,2021/08/19 07:51:44,,,,"-1","0","-1",,,
85.30355,27.672842,"108",T91,2021/08/19 07:52:20,,,,"-1","0","-1",,,
85.303675,27.67266,"109",T109,2021/08/19 07:56:02,,,,"-1","0","-1",,,
85.303836,27.672464,"110",DTR15,2021/08/19 07:57:08,,,,"-1","0","-1",,,
85.303981,27.672289,"111",T93,2021/08/19 07:57:50,,,,"-1","0","-1",,,
85.302494,27.674836,"112",T94,2021/08/19 08:05:20,,,,"-1","0","-1",,,
85.302974,27.674872,"113",T95,2021/08/19 08:06:17,,,,"-1","0","-1",,,
85.303319,27.674869,"114",P96,2021/08/19 08:08:47,,,,"-1","0","-1",,,
85.303554,27.674896,"115",P97,2021/08/19 08:09:06,,,,"-1","0","-1",,,
85.303839,27.674928,"116",P98,2021/08/19 08:09:31,,,,"-1","0","-1",,,
85.304073,27.674931,"117",P99,2021/08/19 08:10:12,,,,"-1","0","-1",,,
85.304377,27.674951,"118",P100,2021/08/19 08:10:37,,,,"-1","0","-1",,,
85.30464,27.674973,"119",P101,2021/08/19 08:11:04,,,,"-1","0","-1",,,
85.304851,27.674998,"120",P102,2021/08/19 08:11:21,,,,"-1","0","-1",,,
85.305179,27.675051,"121",P103,2021/08/19 08:12:18,,,,"-1","0","-1",,,
85.305408,27.675071,"122",P104,2021/08/19 08:12:42,,,,"-1","0","-1",,,
85.30585,27.675067,"123",T105,2021/08/19 08:13:50,,,,"-1","0","-1",,,
85.306292,27.675156,"124",DTR16,2021/08/19 08:14:43,,,,"-1","0","-1",,,
85.301403,27.684685,"125",T106,2021/08/19 08:41:13,,,,"-1","0","-1",,,
85.301147,27.684712,"126",T107,2021/08/19 08:41:47,,,,"-1","0","-1",,,
85.300896,27.68475,"127","108",2021/08/19 08:42:11,,,,"-1","0","-1",,,
85.300683,27.684773,"128",DTR17,2021/08/19 08:43:09,,,,"-1","0","-1",,,
85.300476,27.684801,"129",T109,2021/08/19 08:44:08,,,,"-1","0","-1",,,
85.300336,27.684832,"130",T110,2021/08/19 08:44:48,,,,"-1","0","-1",,,
85.3002,27.684845,"131",T111,2021/08/19 08:45:42,,,,"-1","0","-1",,,
85.300233,27.685144,"132",P112,2021/08/19 08:48:26,,,,"-1","0","-1",,,
85.30024,27.685171,"133",P113,2021/08/19 08:48:46,,,,"-1","0","-1",,,
85.3004,27.685451,"134",P114,2021/08/19 08:49:18,,,,"-1","0","-1",,,
85.300559,27.685778,"135",P115,2021/08/19 08:50:06,,,,"-1","0","-1",,,
85.300713,27.686136,"136",P116,2021/08/19 08:51:40,,,,"-1","0","-1",,,
85.300859,27.686466,"137",P117,2021/08/19 08:52:23,,,,"-1","0","-1",,,
85.30102,27.686828,"138",DTR18,2021/08/19 08:54:23,,,,"-1","0","-1",,,
85.301185,27.687142,"139",P118,2021/08/19 08:55:59,,,,"-1","0","-1",,,
85.301291,27.687478,"140",P119,2021/08/19 08:56:44,,,,"-1","0","-1",,,
85.30134,27.687716,"141",P120,2021/08/19 08:57:33,,,,"-1","0","-1",,,
85.301443,27.688107,"142",P121,2021/08/19 08:58:25,,,,"-1","0","-1",,,
85.301444,27.688424,"143",P122,2021/08/19 08:59:12,,,,"-1","0","-1",,,
85.301408,27.688424,"144",,2021/08/19 08:59:35,,,,"-1","0","-1",,,
85.301422,27.688422,"145",,2021/08/19 08:59:36,,,,"-1","0","-1",,,
85.301429,27.68842,"146",,2021/08/19 08:59:50,,,,"-1","0","-1",,,
85.30148,27.688761,"147",P123,2021/08/19 09:01:45,,,,"-1","0","-1",,,
85.301566,27.689052,"148",P124,2021/08/19 09:02:33,,,,"-1","0","-1",,,
85.301693,27.689668,"149",DTR19,2021/08/19 09:04:35,,,,"-1","0","-1",,,
85.301984,27.689933,"150",P126,2021/08/19 09:05:28,,,,"-1","0","-1",,,
85.302174,27.690381,"151",P127,2021/08/19 09:06:25,,,,"-1","0","-1",,,
85.30247,27.690825,"152",P128,2021/08/19 09:07:12,,,,"-1","0","-1",,,
85.3026,27.691027,"153",DTR20,2021/08/19 09:08:10,,,,"-1","0","-1",,,
85.302713,27.691178,"154",P129,2021/08/19 09:08:55,,,,"-1","0","-1",,,
85.302787,27.691422,"155",T130,2021/08/19 09:10:06,,,,"-1","0","-1",,,
85.302846,27.691541,"156",P131,2021/08/19 09:10:48,,,,"-1","0","-1",,,
85.305935,27.68709,"157",P132,2021/08/20 06:36:29,,,,"-1","0","-1",,,
85.305949,27.687067,"158","133",2021/08/20 06:36:47,,,,"-1","0","-1",,,
85.306083,27.687018,"159",P134,2021/08/20 06:37:21,,,,"-1","0","-1",,,
85.306814,27.686413,"160",P136,2021/08/20 06:40:32,,,,"-1","0","-1",,,
85.306821,27.686265,"161",P137,2021/08/20 06:41:17,,,,"-1","0","-1",,,
85.306904,27.686043,"162",P138,2021/08/20 06:41:49,,,,"-1","0","-1",,,
85.306954,27.68586,"163",P139,2021/08/20 06:42:32,,,,"-1","0","-1",,,
85.307041,27.685644,"164",DTR20,2021/08/20 06:43:22,,,,"-1","0","-1",,,
85.307044,27.685533,"165",T140,2021/08/20 06:44:43,,,,"-1","0","-1",,,
85.306864,27.685694,"166",T141,2021/08/20 06:45:19,,,,"-1","0","-1",,,
85.306747,27.685777,"167",P142,2021/08/20 06:46:24,,,,"-1","0","-1",,,
85.306618,27.68571,"168",P143,2021/08/20 06:47:27,,,,"-1","0","-1",,,
85.306417,27.685711,"169",P144,2021/08/20 06:48:02,,,,"-1","0","-1",,,
85.30617,27.685734,"170",P145,2021/08/20 06:48:39,,,,"-1","0","-1",,,
85.306013,27.685742,"171",P146,2021/08/20 06:49:11,,,,"-1","0","-1",,,
85.305797,27.685739,"172",P147,2021/08/20 06:49:39,,,,"-1","0","-1",,,
85.305454,27.685751,"173",P148,2021/08/20 06:50:02,,,,"-1","0","-1",,,
85.305228,27.68571,"174",P149,2021/08/20 06:50:42,,,,"-1","0","-1",,,
85.305133,27.685646,"175",DTR22,2021/08/20 06:51:28,,,,"-1","0","-1",,,
85.307239,27.685304,"176",DTR22,2021/08/20 06:55:43,,,,"-1","0","-1",,,
85.307213,27.685164,"177",P150,2021/08/20 06:56:41,,,,"-1","0","-1",,,
85.307187,27.684869,"178",P151,2021/08/20 06:57:19,,,,"-1","0","-1",,,
85.307051,27.684612,"179",DTR23,2021/08/20 06:58:29,,,,"-1","0","-1",,,
85.306986,27.684238,"180",P152,2021/08/20 06:59:37,,,,"-1","0","-1",,,
85.30707,27.684323,"181",DTR24,2021/08/20 07:00:22,,,,"-1","0","-1",,,
85.306886,27.683905,"182",P153,2021/08/20 07:01:53,,,,"-1","0","-1",,,
85.306849,27.683747,"183",P154,2021/08/20 07:02:54,,,,"-1","0","-1",,,
85.306725,27.68346,"184",P155,2021/08/20 07:03:43,,,,"-1","0","-1",,,
85.306579,27.683224,"185",P156,2021/08/20 07:04:28,,,,"-1","0","-1",,,
85.306481,27.682871,"186",P157,2021/08/20 07:05:36,,,,"-1","0","-1",,,
85.306393,27.682737,"187",P158,2021/08/20 07:06:37,,,,"-1","0","-1",,,
85.306279,27.682496,"188",DTR25,2021/08/20 07:07:35,,,,"-1","0","-1",,,
85.306238,27.682401,"189",P159,2021/08/20 07:08:20,,,,"-1","0","-1",,,
85.306108,27.68212,"190",P160,2021/08/20 07:09:31,,,,"-1","0","-1",,,
85.306015,27.681934,"191",P161,2021/08/20 07:10:14,,,,"-1","0","-1",,,
85.305872,27.681674,"192",DTR26,2021/08/20 07:11:12,,,,"-1","0","-1",,,
85.305838,27.681648,"193",DTR27,2021/08/20 07:11:35,,,,"-1","0","-1",,,
85.305641,27.681332,"194",P162,2021/08/23 04:57:16,,,,"-1","0","-1",,,
85.305552,27.681109,"195",P163,2021/08/23 04:58:19,,,,"-1","0","-1",,,
85.305435,27.680818,"196",P164,2021/08/23 04:59:46,,,,"-1","0","-1",,,
85.305354,27.680558,"197",P0165,2021/08/23 05:00:02,,,,"-1","0","-1",,,
85.305635,27.681074,"198",P166,2021/08/23 05:02:08,,,,"-1","0","-1",,,
85.305682,27.681346,"199",P167,2021/08/23 05:02:29,,,,"-1","0","-1",,,
85.305895,27.681676,"200",P168,2021/08/23 05:03:30,,,,"-1","0","-1",,,
85.306062,27.681958,"201",P169,2021/08/23 05:04:35,,,,"-1","0","-1",,,
85.306178,27.68231,"202",P170,2021/08/23 05:05:25,,,,"-1","0","-1",,,
85.306319,27.682533,"203","171",2021/08/23 05:06:09,,,,"-1","0","-1",,,
85.306426,27.682579,"204",P172,2021/08/23 05:09:06,,,,"-1","0","-1",,,
85.306502,27.682578,"205",P173,2021/08/23 05:09:52,,,,"-1","0","-1",,,
85.306762,27.682411,"206",P173,2021/08/23 05:10:39,,,,"-1","0","-1",,,
85.306686,27.682485,"207",DTR29,2021/08/23 05:11:25,,,,"-1","0","-1",,,
85.306949,27.68226,"208",P174,2021/08/23 05:12:40,,,,"-1","0","-1",,,
85.307137,27.682089,"209",P175,2021/08/23 05:13:14,,,,"-1","0","-1",,,
85.307315,27.681878,"210",P176,2021/08/23 05:13:57,,,,"-1","0","-1",,,
85.307268,27.681881,"211",T210,2021/08/23 05:14:31,,,,"-1","0","-1",,,
85.30717,27.681709,"212",T211,2021/08/23 05:15:17,,,,"-1","0","-1",,,
85.307124,27.681571,"213",T212,2021/08/23 05:15:37,,,,"-1","0","-1",,,
85.307059,27.681479,"214",DTR30,2021/08/23 05:16:31,,,,"-1","0","-1",,,
85.307615,27.681711,"215",P180,2021/08/23 05:18:41,,,,"-1","0","-1",,,
85.307725,27.681637,"216",P181,2021/08/23 05:19:34,,,,"-1","0","-1",,,
85.307824,27.681563,"217",DTR31,2021/08/23 05:20:21,,,,"-1","0","-1",,,
85.307946,27.681544,"218",P182,2021/08/23 05:21:17,,,,"-1","0","-1",,,
85.308166,27.68144,"219",P183,2021/08/23 05:21:56,,,,"-1","0","-1",,,
85.308384,27.6813,"220",P184,2021/08/23 05:22:19,,,,"-1","0","-1",,,
85.308725,27.681196,"221",DTR32,2021/08/23 05:23:01,,,,"-1","0","-1",,,
85.305542,27.680858,"222",P185,2021/08/23 05:29:28,,,,"-1","0","-1",,,
85.305436,27.68054,"223",DTR34,2021/08/23 05:31:34,,,,"-1","0","-1",,,
85.305427,27.68037,"224",T186,2021/08/23 05:33:01,,,,"-1","0","-1",,,
85.305536,27.680392,"225",P187,2021/08/23 05:35:36,,,,"-1","0","-1",,,
85.305801,27.6803,"226",P188,2021/08/23 05:36:58,,,,"-1","0","-1",,,
85.305896,27.680284,"227",DTR34,2021/08/23 05:37:36,,,,"-1","0","-1",,,
85.306079,27.680238,"228",P189,2021/08/23 05:38:20,,,,"-1","0","-1",,,
85.306369,27.680115,"229",P190,2021/08/23 05:39:16,,,,"-1","0","-1",,,
85.306637,27.679998,"230",P191,2021/08/23 05:39:51,,,,"-1","0","-1",,,
85.306896,27.679926,"231",P192,2021/08/23 05:40:28,,,,"-1","0","-1",,,
85.307158,27.679843,"232",P193,2021/08/23 05:41:06,,,,"-1","0","-1",,,
85.307406,27.679763,"233",P194,2021/08/23 05:41:47,,,,"-1","0","-1",,,
85.305584,27.680361,"234",P195,2021/08/23 05:45:23,,,,"-1","0","-1",,,
85.305727,27.680236,"235",P196,2021/08/23 05:46:39,,,,"-1","0","-1",,,
85.306052,27.680198,"236",P197,2021/08/23 05:47:36,,,,"-1","0","-1",,,
85.306357,27.680125,"237",P198,2021/08/23 05:48:15,,,,"-1","0","-1",,,
85.306728,27.679983,"238",P199,2021/08/23 05:49:04,,,,"-1","0","-1",,,
85.306986,27.679856,"239",P200,2021/08/23 05:49:44,,,,"-1","0","-1",,,
85.307291,27.679738,"240",P201,2021/08/23 05:50:36,,,,"-1","0","-1",,,
85.307561,27.679621,"241",P202,2021/08/23 05:51:26,,,,"-1","0","-1",,,
85.307993,27.679489,"242",DTR35,2021/08/23 05:53:24,,,,"-1","0","-1",,,
85.308276,27.679377,"243",P203,2021/08/23 05:54:26,,,,"-1","0","-1",,,
85.30861,27.67927,"244",P204,2021/08/23 05:55:43,,,,"-1","0","-1",,,
85.308949,27.679129,"245",P205,2021/08/23 05:56:23,,,,"-1","0","-1",,,
85.309172,27.679013,"246",P206,2021/08/23 05:57:12,,,,"-1","0","-1",,,
85.309202,27.679043,"247",DTR36,2021/08/23 05:59:15,,,,"-1","0","-1",,,
85.309228,27.679053,"248",D208,2021/08/23 05:59:57,,,,"-1","0","-1",,,
85.309246,27.679052,"249",DTR38,2021/08/23 06:00:21,,,,"-1","0","-1",,,
85.309377,27.678981,"250",P206,2021/08/23 06:01:10,,,,"-1","0","-1",,,
85.309608,27.678849,"251",P207,2021/08/23 06:02:25,,,,"-1","0","-1",,,
85.309833,27.679006,"252",P208,2021/08/23 06:06:20,,,,"-1","0","-1",,,
85.309924,27.679258,"253",P209,2021/08/23 06:07:23,,,,"-1","0","-1",,,
85.30993,27.679303,"254",T310,2021/08/23 06:07:45,,,,"-1","0","-1",,,
85.310054,27.679486,"255",T311,2021/08/23 06:08:04,,,,"-1","0","-1",,,
85.310109,27.679676,"256",T312,2021/08/23 06:08:28,,,,"-1","0","-1",,,
85.310123,27.679941,"257",P313,2021/08/23 06:08:54,,,,"-1","0","-1",,,
85.310154,27.68026,"258",P314,2021/08/23 06:09:55,,,,"-1","0","-1",,,
85.310273,27.680503,"259",P315,2021/08/23 06:10:26,,,,"-1","0","-1",,,
85.310311,27.680675,"260",P316,2021/08/23 06:10:44,,,,"-1","0","-1",,,
85.310326,27.680834,"261",DTR39,2021/08/23 06:11:48,,,,"-1","0","-1",,,
85.310448,27.681028,"262",P317,2021/08/23 06:13:15,,,,"-1","0","-1",,,
85.310593,27.68128,"263",P318,2021/08/23 06:13:54,,,,"-1","0","-1",,,
85.31075,27.681491,"264",P319,2021/08/23 06:14:18,,,,"-1","0","-1",,,
85.31085,27.681706,"265",P320,2021/08/23 06:14:36,,,,"-1","0","-1",,,
85.311007,27.681996,"266",P321,2021/08/23 06:16:02,,,,"-1","0","-1",,,
85.311136,27.682229,"267",P322,2021/08/23 06:16:22,,,,"-1","0","-1",,,
85.311331,27.682495,"268",DT40,2021/08/23 06:17:42,,,,"-1","0","-1",,,
85.311308,27.682565,"269",DT41,2021/08/23 06:18:26,,,,"-1","0","-1",,,
85.311435,27.682702,"270",P323,2021/08/23 06:19:14,,,,"-1","0","-1",,,
85.311433,27.682571,"271",DT42,2021/08/23 06:19:56,,,,"-1","0","-1",,,
85.311524,27.68285,"272",P324,2021/08/23 06:20:42,,,,"-1","0","-1",,,
85.311602,27.682958,"273",P325,2021/08/23 06:21:05,,,,"-1","0","-1",,,
85.311521,27.683044,"274",P326,2021/08/23 06:21:38,,,,"-1","0","-1",,,
85.311585,27.683359,"275",P327,2021/08/23 06:47:30,,,,"-1","0","-1",,,
85.311763,27.683472,"276",P328,2021/08/23 06:47:45,,,,"-1","0","-1",,,
85.312005,27.683735,"277",P328,2021/08/23 06:48:45,,,,"-1","0","-1",,,
85.311956,27.683587,"278",P329,2021/08/23 06:50:27,,,,"-1","0","-1",,,
85.311936,27.683609,"279",P330,2021/08/23 06:51:38,,,,"-1","0","-1",,,
85.31219,27.684002,"280",P331,2021/08/23 07:03:30,,,,"-1","0","-1",,,
85.309768,27.678929,"281",P207,2021/08/23 07:19:45,,,,"-1","0","-1",,,
85.310071,27.67878,"282",P208,2021/08/23 07:20:28,,,,"-1","0","-1",,,
85.310284,27.678691,"283",P209,2021/08/23 07:21:06,,,,"-1","0","-1",,,
85.310467,27.678584,"284",P210,2021/08/23 07:21:40,,,,"-1","0","-1",,,
85.310954,27.678512,"285",P211,2021/08/23 07:22:13,,,,"-1","0","-1",,,
85.311194,27.678472,"286",DT38,2021/08/23 07:23:02,,,,"-1","0","-1",,,
85.311449,27.678467,"287",P212,2021/08/23 07:24:02,,,,"-1","0","-1",,,
85.311696,27.678419,"288",P213,2021/08/23 07:24:23,,,,"-1","0","-1",,,
85.311949,27.678434,"289",P213,2021/08/23 07:25:11,,,,"-1","0","-1",,,
85.312235,27.678409,"290",P214,2021/08/23 07:25:44,,,,"-1","0","-1",,,
85.31239,27.678424,"291",P215,2021/08/23 07:26:10,,,,"-1","0","-1",,,
85.31238,27.67849,"292",P216,2021/08/23 07:27:56,,,,"-1","0","-1",,,
85.31236,27.678942,"293",DT39,2021/08/23 07:28:42,,,,"-1","0","-1",,,
85.312631,27.67842,"294",P217,2021/08/23 07:30:47,,,,"-1","0","-1",,,
85.312927,27.678424,"295",P218,2021/08/23 07:31:30,,,,"-1","0","-1",,,
85.313224,27.678523,"296",P219,2021/08/23 08:13:25,,,,"-1","0","-1",,,
85.313448,27.678568,"297","220",2021/08/23 08:13:57,,,,"-1","0","-1",,,
85.313645,27.678659,"298",T221,2021/08/23 08:14:26,,,,"-1","0","-1",,,
85.313759,27.678686,"299",P22,2021/08/23 08:14:54,,,,"-1","0","-1",,,
85.314113,27.678658,"300",DT40,2021/08/23 08:15:43,,,,"-1","0","-1",,,
85.314286,27.678756,"301",T223,2021/08/23 08:16:48,,,,"-1","0","-1",,,
85.31443,27.678594,"302","224",2021/08/23 08:17:55,,,,"-1","0","-1",,,
85.314634,27.678495,"303",P225,2021/08/23 08:18:36,,,,"-1","0","-1",,,
85.314899,27.678461,"304",P226,2021/08/23 08:19:11,,,,"-1","0","-1",,,
85.315109,27.67836,"305",P227,2021/08/23 08:19:44,,,,"-1","0","-1",,,
85.315448,27.678317,"306",P228,2021/08/23 08:20:42,,,,"-1","0","-1",,,
85.315682,27.678193,"307",DT42,2021/08/23 08:21:22,,,,"-1","0","-1",,,
85.31587,27.67804,"308",P229,2021/08/23 08:22:07,,,,"-1","0","-1",,,
85.316031,27.677949,"309",P330,2021/08/23 08:24:08,,,,"-1","0","-1",,,
85.315808,27.678072,"310","231",2021/08/23 08:24:59,,,,"-1","0","-1",,,
85.315662,27.678081,"311","232",2021/08/23 08:25:33,,,,"-1","0","-1",,,
85.315417,27.678223,"312",P233,2021/08/23 08:26:36,,,,"-1","0","-1",,,
85.315215,27.678308,"313",P234,2021/08/23 08:27:06,,,,"-1","0","-1",,,
85.314972,27.678407,"314",P25,2021/08/23 08:27:29,,,,"-1","0","-1",,,
85.314733,27.678486,"315",P236,2021/08/23 08:28:01,,,,"-1","0","-1",,,
85.314263,27.678573,"316",P237,2021/08/23 08:28:54,,,,"-1","0","-1",,,
85.313807,27.678646,"317",P238,2021/08/23 08:30:16,,,,"-1","0","-1",,,
85.313694,27.678591,"318",P239,2021/08/23 08:31:04,,,,"-1","0","-1",,,
85.313396,27.678527,"319",P240,2021/08/23 08:32:15,,,,"-1","0","-1",,,
85.31313,27.678442,"320",P241,2021/08/23 08:32:51,,,,"-1","0","-1",,,
85.312906,27.678411,"321",P242,2021/08/23 08:34:19,,,,"-1","0","-1",,,
85.312902,27.678404,"322",DT,2021/08/23 08:34:39,,,,"-1","0","-1",,,
85.312553,27.678367,"323",P243,2021/08/23 08:35:43,,,,"-1","0","-1",,,
85.312388,27.678397,"324",P244,2021/08/23 08:36:07,,,,"-1","0","-1",,,
85.312145,27.678411,"325",P245,2021/08/23 08:36:45,,,,"-1","0","-1",,,
85.311892,27.678427,"326",P246,2021/08/23 08:37:15,,,,"-1","0","-1",,,
85.311531,27.67847,"327",P247,2021/08/23 08:37:44,,,,"-1","0","-1",,,
85.311272,27.678509,"328",P248,2021/08/23 08:38:09,,,,"-1","0","-1",,,
85.311025,27.678569,"329",249P,2021/08/23 08:38:47,,,,"-1","0","-1",,,
85.310746,27.678534,"330","250",2021/08/23 08:39:07,,,,"-1","0","-1",,,
85.310583,27.678616,"331","251",2021/08/23 08:39:21,,,,"-1","0","-1",,,
85.310074,27.678775,"332",P253,2021/08/23 08:40:04,,,,"-1","0","-1",,,
85.309925,27.678843,"333",P254,2021/08/23 08:40:41,,,,"-1","0","-1",,,
85.308006,27.679446,"334",P255,2021/08/23 08:43:47,,,,"-1","0","-1",,,
85.30792,27.679222,"335",P256,2021/08/23 08:44:45,,,,"-1","0","-1",,,
85.30785,27.679027,"336",P257,2021/08/23 08:45:14,,,,"-1","0","-1",,,
85.307793,27.678825,"337",P258,2021/08/23 08:45:34,,,,"-1","0","-1",,,
85.307729,27.678592,"338",P259,2021/08/23 08:45:57,,,,"-1","0","-1",,,
85.307707,27.678505,"339",P260,2021/08/23 08:46:41,,,,"-1","0","-1",,,
85.307886,27.678094,"340",DT,2021/08/23 08:48:03,,,,"-1","0","-1",,,
85.307605,27.678194,"341",DT,2021/08/23 08:48:46,,,,"-1","0","-1",,,
85.30759,27.678188,"342",DT,2021/08/23 08:49:20,,,,"-1","0","-1",,,
85.30756,27.678076,"343",P261,2021/08/23 08:50:38,,,,"-1","0","-1",,,
85.307407,27.67789,"344",P262,2021/08/23 08:52:30,,,,"-1","0","-1",,,
85.307385,27.677834,"345",P263,2021/08/23 08:53:40,,,,"-1","0","-1",,,
85.307499,27.677825,"346",DTR,2021/08/23 08:55:18,,,,"-1","0","-1",,,
85.306933,27.677609,"347",T266,2021/08/23 08:57:21,,,,"-1","0","-1",,,
85.306719,27.677572,"348",DT,2021/08/23 08:57:44,,,,"-1","0","-1",,,
85.307145,27.677879,"349",P267,2021/08/23 08:59:31,,,,"-1","0","-1",,,
85.30698,27.677941,"350",P268,2021/08/23 09:00:05,,,,"-1","0","-1",,,
85.306772,27.678012,"351",P269,2021/08/23 09:00:43,,,,"-1","0","-1",,,
85.306528,27.678086,"352",P270,2021/08/23 09:01:13,,,,"-1","0","-1",,,
85.306271,27.678214,"353",P271,2021/08/23 09:01:36,,,,"-1","0","-1",,,
85.306119,27.678302,"354",P272,2021/08/23 09:01:51,,,,"-1","0","-1",,,
85.305788,27.678443,"355",P273,2021/08/23 09:03:14,,,,"-1","0","-1",,,
85.305833,27.678499,"356",DT,2021/08/23 09:03:32,,,,"-1","0","-1",,,
85.305527,27.678519,"357",P274,2021/08/23 09:04:18,,,,"-1","0","-1",,,
85.305257,27.678469,"358",P275,2021/08/23 09:05:25,,,,"-1","0","-1",,,
85.304994,27.67844,"359",P276,2021/08/23 09:06:15,,,,"-1","0","-1",,,
85.304898,27.678444,"360",P277,2021/08/23 09:06:34,,,,"-1","0","-1",,,
85.30479,27.678486,"361",P278,2021/08/23 09:06:51,,,,"-1","0","-1",,,
85.30449,27.678481,"362",P279,2021/08/23 09:07:36,,,,"-1","0","-1",,,
85.304401,27.678448,"363",DT,2021/08/23 09:08:06,,,,"-1","0","-1",,,
85.308948,27.679203,"364",P280,2021/08/23 09:16:46,,,,"-1","0","-1",,,
85.308734,27.679284,"365","281",2021/08/23 09:17:34,,,,"-1","0","-1",,,
85.308508,27.679371,"366",P282,2021/08/23 09:18:08,,,,"-1","0","-1",,,
85.308211,27.679475,"367",P283,2021/08/23 09:18:48,,,,"-1","0","-1",,,
85.307975,27.679531,"368",P284,2021/08/23 09:19:08,,,,"-1","0","-1",,,
85.307729,27.679611,"369",P285,2021/08/23 09:19:30,,,,"-1","0","-1",,,
85.30533,27.680256,"370",P286,2021/08/23 09:25:05,,,,"-1","0","-1",,,
85.305192,27.680025,"371",P287,2021/08/23 09:26:12,,,,"-1","0","-1",,,
85.305094,27.679801,"372",P288,2021/08/23 09:26:43,,,,"-1","0","-1",,,
85.305031,27.679754,"373",P289,2021/08/23 09:27:17,,,,"-1","0","-1",,,
85.304979,27.679594,"374",P290,2021/08/23 09:28:21,,,,"-1","0","-1",,,
85.304808,27.679284,"375",DT,2021/08/23 09:29:54,,,,"-1","0","-1",,,
85.304787,27.679251,"376",T291,2021/08/23 09:30:19,,,,"-1","0","-1",,,
85.306316,27.682752,"377",P292,2021/08/23 10:51:20,,,,"-1","0","-1",,,
85.306029,27.682869,"378",P293,2021/08/23 10:52:58,,,,"-1","0","-1",,,
85.305728,27.682959,"379",P294,2021/08/23 10:53:38,,,,"-1","0","-1",,,
85.305451,27.683074,"380",P295,2021/08/23 10:54:14,,,,"-1","0","-1",,,
85.305216,27.683209,"381",P296,2021/08/23 10:54:41,,,,"-1","0","-1",,,
85.304758,27.683413,"382",P297,2021/08/23 10:55:52,,,,"-1","0","-1",,,
85.304775,27.683382,"383",DT,2021/08/23 10:56:06,,,,"-1","0","-1",,,
85.304408,27.683496,"384",P298,2021/08/23 10:56:51,,,,"-1","0","-1",,,
85.304113,27.683575,"385",DT,2021/08/23 10:57:45,,,,"-1","0","-1",,,
85.304079,27.683702,"386",P299,2021/08/23 10:58:08,,,,"-1","0","-1",,,
85.303851,27.683905,"387",P300,2021/08/23 10:58:36,,,,"-1","0","-1",,,
85.303555,27.684144,"388",P301,2021/08/23 10:59:03,,,,"-1","0","-1",,,
85.30325,27.68438,"389",P302,2021/08/23 10:59:54,,,,"-1","0","-1",,,
85.312524,27.67937,"390",T303,2021/08/23 11:10:01,,,,"-1","0","-1",,,
85.312473,27.679677,"391",T304,2021/08/23 11:11:15,,,,"-1","0","-1",,,
85.312391,27.679743,"392",P305,2021/08/23 11:12:24,,,,"-1","0","-1",,,
85.312071,27.679792,"393",P306,2021/08/23 11:13:07,,,,"-1","0","-1",,,
85.312019,27.67988,"394",T307,2021/08/23 11:13:51,,,,"-1","0","-1",,,
85.312005,27.679895,"395",DT395,2021/08/23 11:14:10,,,,"-1","0","-1",,,
85.31194,27.680074,"396",T308,2021/08/23 11:15:33,,,,"-1","0","-1",,,
85.311922,27.680238,"397",T309,2021/08/23 11:16:02,,,,"-1","0","-1",,,
85.311912,27.680265,"398",DT,2021/08/23 11:17:09,,,,"-1","0","-1",,,
85.311868,27.679878,"399",DT,2021/08/23 11:17:36,,,,"-1","0","-1",,,
85.312909,27.679785,"400",DT,2021/08/23 11:19:46,,,,"-1","0","-1",,,
85.31301,27.679768,"401",DT,2021/08/23 11:20:24,,,,"-1","0","-1",,,
85.313276,27.679739,"402",T310,2021/08/23 11:21:02,,,,"-1","0","-1",,,
